"ASM EMAIL ID","ASE Name","SO NAME ID","SO Name","SO CODE","SO STATE","SO CITY","DISTRIBUTOR NAME","DISTRIBUTOR CODE","DISTRIBUTOR STATE","DISTRIBUTOR CITY","SALESMAN NAME","SALESMAN CODE","SALESMAN EMP CODE","SALESMAN State","SALESMAN City","Region","SALESMAN Type"
"mukesh.kumar.1@effem.com","Mukesh Kumar","mukesh.kumar.1@effem.com","Mukesh Kumar","40529229","Haryana","SO-TT-Faridabad","G.G. Enterprises","1760730810","Faridabad",,"SUMAN PANDEY","DSR_002815","NDSR234","Faridabad","Haryana","Retail DSR","Success"
"chitrakshi.kalra@effem.com","Chitrakshi kalra","chitrakshi.kalra@effem.com","Chitrakshi kalra","SO-TT-Gurgaon","Haryana","SO-TT-Gurgaon","Sharma Enterprises","1040047210","Gurgaon",,"Vishal Sharma","DSR_001985","NDSR008","Gurgaon","Haryana","Retail DSR","Success"