"ASM EMAIL ID","ASE Name","SO NAME ID","SO Name","SO CODE","SO STATE","SO CITY","DISTRIBUTOR NAME","DISTRIBUTOR CODE","DISTRIBUTOR STATE","DISTRIBUTOR CITY","SALESMAN NAME","SALESMAN CODE","SALESMAN State","SALESMAN City","Region","SALESMAN Type"
"test@gmail","asas","test@gmail","asas","32323","delhi","delhi","sach","3232434E","delhi",,"sachin","32232","delhi","delhi","","Success"
"2","3","2","3","4","5","6","7","8","9",,"11","12","13","14","15","Success"